ip,anonymityLevel,asn,country,isp,latency,org,port,protocols,responseTime,speed,updated_at,upTime,upTimeSuccessCount,upTimeTryCount
"103.127.29.105","elite","AS134926","IN","Micro Hosting Private Limited","163","MicroHost","7497","socks5","5092","1","2023-07-12T11:35:28.336Z","83","2353","2822"
"101.255.165.126","elite","AS38511","ID","PT Remala Abadi","199","N/A","80","socks4","4803","1","2023-07-12T11:35:28.250Z","99","2729","2746"
"45.226.1.1","elite","AS266987","BR","Web - Link Telecomunicações e Engenharia","229","Web - Link Telecomunicações e Engenharia","4153","socks4","5009","1","2023-07-12T11:35:28.332Z","99","2830","2850"
"185.6.10.191","elite","AS12552","SE","GlobalConnect AB","32","Internet Vikings International AB","19427","socks4","4389","1","2023-07-12T11:35:28.348Z","100","2806","2807"
"104.16.195.74","elite","AS13335","US","Cloudflare, Inc.","3","Cloudflare, Inc.","80","socks4","4605","1","2023-07-12T11:35:28.244Z","100","2740","2740"
"155.138.238.14","elite","AS20473","US","The Constant Company","96","Vultr Holdings, LLC","808","socks5","4499","1","2023-07-12T11:35:22.142Z","100","2837","2839"
"222.255.139.134","elite","AS45899","VN","VNPT Corp","258","VietNam Data Communication Company","5678","socks4","5005","1","2023-07-12T11:35:22.140Z","97","2686","2764"
"52.97.183.166","elite","AS8075","NL","Microsoft Corporation","11","Microsoft Corporation","80","socks4","4388","1","2023-07-12T11:35:22.238Z","100","2774","2774"
"177.105.67.205","elite","AS262637","BR","Netprimus Tecnologia Ltda","198","Refrescos Guararapes Ltda","4153","socks4","4106","1","2023-07-12T11:35:22.145Z","99","2849","2865"
"172.105.97.61","elite","AS63949","CA","Akamai Technologies","92","Linode","61743","socks5","4712","84","2023-07-12T11:35:16.049Z","100","2755","2755"
"108.26.234.210","elite","AS701","US","Verizon Communications","96","MCI Communications Services, Inc. d/b/a Verizon Business","9050","socks5","4893","3","2023-07-12T11:35:15.933Z","100","2818","2828"
"177.87.230.31","elite","AS262309","BR","BMBB SERVIÇOS DE COMUNICAÇÃO LTDA","206","BMBB SERVIÇOS DE COMUNICAÇÃO LTDA","43573","socks4","3712","1","2023-07-12T11:35:16.033Z","100","2848","2859"
"212.83.137.142","elite","AS12876","FR","Online S.A.S.","1","ONLINE","53840","socks5","5006","1","2023-07-12T11:35:15.936Z","100","2785","2786"
"115.127.103.82","elite","AS24342","BD","BRACNet Limited","232","BRACNet Limited","4673","socks4","3404","1","2023-07-12T11:35:15.939Z","88","2514","2852"
"50.47.75.214","elite","AS20055","US","Wholesail networks LLC","147","Ziply Fiber","5678","socks4","4897","53","2023-07-12T11:35:09.847Z","97","2750","2837"
"222.165.226.221","elite","AS24207","ID","PT NettoCyber Indonesia","193","N/A","3629","socks4","5100","1","2023-07-12T11:35:09.751Z","98","2810","2857"
"186.251.255.25","elite","AS267513","BR","Seanet Telecom Carazinho Eireli","287","Seanet Telecom Carazinho Eireli","31337","socks4","4512","1","2023-07-12T11:35:09.741Z","99","2836","2852"
"187.157.30.202","elite","AS8151","MX","Uninet S.A. de C.V.","156","Uninet S.A. de C.V.","4153","socks4","5084","1","2023-07-12T11:35:09.750Z","98","2786","2852"
"177.21.206.184","elite","AS28667","BR","Network Telecomunicacoes S.A.","209","Network Telecomunicacoes S.A","4145","socks4","3894","1","2023-07-12T11:35:09.749Z","43","1222","2845"
"65.21.131.87","elite","AS24940","FI","Hetzner Online GmbH","38","Hetzner","14141","socks4","5005","1","2023-07-12T11:35:03.545Z","100","2732","2734"
"159.69.106.105","elite","AS24940","DE","Hetzner Online GmbH","92","Hetzner","16787","socks5","5102","1","2023-07-12T11:35:03.546Z","100","2767","2779"
"117.102.78.165","elite","AS17451","ID","BIZNET","197","N/A","1080","socks4","4884","1","2023-07-12T11:35:03.438Z","97","2722","2802"
"45.227.92.213","elite","AS266653","AR","Andros-net Comunicaciones S.R.L.","291","Andros-net Comunicaciones S.R.L","8080","socks4","4608","1","2023-07-12T11:35:03.442Z","94","2683","2858"
"79.143.190.221","elite","AS51167","DE","Contabo GmbH","17","Contabo GmbH","12580","socks5","3789","1","2023-07-12T11:35:03.548Z","100","2787","2787"
"181.215.47.60","elite","AS397423","US","Tier.Net Technologies LLC","112","Ipxo","3389","socks4","4903","1","2023-07-12T11:34:54.241Z","45","1268","2812"
"144.91.107.252","elite","AS51167","DE","Contabo GmbH","85","Contabo GmbH","18940","socks4","3302","1","2023-07-12T11:34:54.333Z","100","2832","2832"
"2.138.19.228","elite","AS3352","ES","RIMA (Red IP Multi Acceso)","91","N/A","3128","socks4","3091","1","2023-07-12T11:34:53.951Z","98","2757","2802"
"34.64.4.104","elite","AS139070","KR","Google Asia Pacific Pte. Ltd.","283","Google LLC","80","socks4","3492","1","2023-07-12T11:34:53.953Z","100","2740","2741"
"61.4.234.239","elite","AS18313","KR","LG HelloVision Corp.","296","HVBuk-incheon","8080","socks5","4998","1","2023-07-12T11:34:47.549Z","85","2414","2848"
"45.7.177.221","elite","AS266626","BR","Litoral Telecom","203","Litoral Telecom","39867","socks4","4497","1","2023-07-12T11:34:47.548Z","99","2830","2853"
"185.6.104.150","elite","AS42560","BA","Telemach d.o.o. Sarajevo","82","Telemach","5678","socks4","4399","1","2023-07-12T11:34:47.734Z","98","2784","2852"
"46.209.148.204","elite","AS42337","IR","Respina","112","N/A","8080","socks5","4994","1","2023-07-12T11:34:47.651Z","92","2550","2776"
"196.27.105.130","elite","AS30969","ZW","Zimbabwe Online (Private) Ltd.","195","ZOL HRE Pppoe","4153","socks4","4407","1","2023-07-12T11:34:41.337Z","94","2574","2744"
"134.122.26.44","elite","AS14061","US","DigitalOcean, LLC","82","DigitalOcean, LLC","46116","socks4","4909","82","2023-07-12T11:34:41.333Z","100","2832","2840"
"178.132.4.53","elite","AS49981","NL","WorldStream B.V.","10","Worldstream","443","socks4","5009","1","2023-07-12T11:34:41.336Z","100","2851","2863"
"43.134.237.216","elite","AS132203","SG","Aceville Pte.ltd","317","N/A","443","socks5","5096","1","2023-07-12T11:34:41.235Z","36","1021","2820"
"85.159.104.220","elite","AS34820","SK","Delta OnLine spol. s.r.o.","31","Lonler, s.r.o","4153","socks4","4904","1","2023-07-12T11:34:35.043Z","100","2826","2836"
"180.183.69.89","elite","AS45629","TH","Triple T Broadband Public Company Limited","185","Triple T Broadband Public Company Limited","8080","socks5","4808","1","2023-07-12T11:34:34.945Z","97","2672","2743"
"202.124.43.251","elite","AS9902","KH","NeocomISP Limited","197","NeocomISP Limited","4145","socks4","1310","1","2023-07-12T11:34:28.451Z","100","2839","2851"
"5.9.170.2","elite","AS24940","DE","Hetzner Online GmbH","26","Hetzner","30000","socks4","4694","1","2023-07-12T11:34:28.549Z","100","2768","2769"
"172.96.172.149","elite","AS23470","US","ReliableSite.Net LLC","101","ReliableSite.Net LLC","59400","socks4","4507","1","2023-07-12T11:34:28.553Z","96","2661","2766"
"195.154.243.38","elite","AS12876","FR","Online S.A.S.","464","ONLINE","22314","socks5","5096","1","2023-07-12T11:34:28.440Z","77","2154","2780"
"88.135.41.236","elite","AS34636","IR","Laser Company Ltd","101","Laser Company Ltd","4153","socks4","3595","1","2023-07-12T11:34:28.550Z","67","1912","2850"
"31.206.38.50","elite","AS15924","TR","Vodafone NET Iletisim Hizmetleri Anonim Sirketi","71","Vfnet Data Support","37630","socks4","4702","1","2023-07-12T11:34:28.633Z","100","2851","2859"
"88.12.54.146","elite","AS3352","ES","Telefonica de Espana SAU","37","RIMA (Red IP Multi Acceso)","1081","socks4","5082","82","2023-07-12T11:34:28.547Z","92","2643","2863"
"36.255.104.17","elite","AS136238","MV","SatLink Pvt Ltd","187","N/A","1080","socks4","4810","3","2023-07-12T11:34:28.446Z","100","2840","2847"
"62.109.31.192","elite","AS29182","RU","Cjsc the First","47","TheFirst","20000","socks5","35","1","2023-07-12T11:34:28.534Z","100","39","39"
"163.53.205.225","elite","AS58898","IN","Rainbow communications India Pvt Ltd","161","Rainbow communications India Pvt Ltd","4153","socks4","4890","1","2023-07-12T11:34:28.554Z","100","2849","2858"
"186.251.255.17","elite","AS267513","BR","Seanet Telecom Carazinho Eireli","206","Seanet Telecom Carazinho Eireli","31337","socks4","2795","1","2023-07-12T11:34:28.449Z","99","2823","2842"
"109.73.184.32","elite","AS49924","IT","ECROM-MAIN","182","N/A","5678","socks4","3598","1","2023-07-12T11:34:22.050Z","80","2256","2808"
"109.224.55.18","elite","AS203214","IQ","Hulum Almustakbal Company for Communication Engineering and Services Ltd","91","EarthLink Ltd. Communications&","5678","socks4","600","1","2023-07-12T11:34:22.242Z","94","2662","2821"
"189.57.119.114","elite","AS10429","BR","Vivo","281","TELEF�NICA BRASIL S.A","5678","socks4","5097","1","2023-07-12T11:34:22.143Z","99","2819","2846"
"170.254.255.244","elite","AS52584","BR","Connect Fibra","288","Connect Fibra","45816","socks4","4099","1","2023-07-12T11:34:22.134Z","98","2788","2836"
"172.104.145.22","elite","AS63949","DE","Akamai Technologies","11","Linode","9064","socks4","4205","1","2023-07-12T11:34:22.136Z","100","2838","2839"
"41.242.79.244","elite","AS37605","NG","General Telecommunication Networks Limited","193","General Telecommunication Networks Limited","5678","socks4","3615","1","2023-07-12T11:34:15.936Z","87","2388","2741"
"46.227.37.185","elite","AS51155","PL","Telemedian - TB Telecom","38","Telemedian","1088","socks4","4700","1","2023-07-12T11:34:15.945Z","100","2837","2851"
"186.211.105.202","elite","AS53062","BR","Ggnet Telecom Backbone","288","Ggnet Telecom Backbone","43573","socks4","4987","78","2023-07-12T11:34:15.946Z","99","2823","2855"
"45.7.177.196","elite","AS266626","BR","Litoral Telecom","196","Litoral Telecom","39867","socks4","5007","1","2023-07-12T11:34:15.940Z","99","2806","2833"
"119.23.108.149","elite","AS37963","CN","Hangzhou Alibaba Advertising Co","221","Aliyun Computing Co., LTD","6111","socks5","3696","1","2023-07-12T11:34:15.934Z","75","2085","2798"
"154.113.66.70","elite","AS37282","NG","Mainone Cable Company","184","Mainone Cable Company","5678","socks4","4895","53","2023-07-12T11:34:09.740Z","35","964","2773"
"110.78.164.188","elite","AS131090","TH","CAT-BB","192","N/A","4153","socks4","5285","1","2023-07-12T11:34:09.737Z","34","968","2843"
"15.235.42.114","elite","AS16276","CA","OVH SAS","88","OVH Hosting, Inc","52640","socks5","1596","1","2023-07-12T11:34:09.840Z","100","2751","2752"
"103.88.221.194","elite","AS136334","IN","Vortex Netsol Private Limited","186","Vortex Netsol Private Limited","46450","socks4","299","1","2023-07-12T11:34:09.736Z","100","2781","2787"
"104.129.199.34","elite","AS22616","US","ZSCALER, INC.","194","Zscaler, Inc.","8800","socks4","3599","1","2023-07-12T11:34:03.445Z","97","2742","2822"
"197.234.13.36","elite","AS36902","SC","Intelvision","194","Intelvision Ltd","4145","socks4","3112","1","2023-07-12T11:34:03.442Z","100","2763","2776"
"111.67.197.147","elite","AS4808","CN","China Unicom Beijing Province Network","267","Beijing yiantianxia Network Science&Technology Co Ltd.","6666","socks5","3686","1","2023-07-12T11:34:03.435Z","68","1927","2837"
"185.128.152.21","elite","AS5484","IR","Shabakeh Gostar Shahriyar Co. (Ltd.)","106","CIS IT Group","5678","socks4","1620","1","2023-07-12T11:34:03.446Z","85","2400","2809"
"200.70.19.93","elite","AS10834","AR","Telefonica de Argentina","233","Telefonica de Argentina","4153","socks4","4830","1","2023-07-12T11:34:03.437Z","99","2757","2797"
"101.71.154.251","elite","AS4837","CN","China Unicom Zhejiang Province Network","278","N/A","1080","socks5","4801","1","2023-07-12T11:34:03.634Z","80","2249","2817"
"186.4.247.48","elite","AS27947","EC","Telconet S.A","156","Clientes NETLIFE Quito - gepon","51327","socks4","4205","1","2023-07-12T11:33:57.242Z","100","2741","2751"
"190.90.100.233","elite","AS262589","CO","InterNexa Global Network","191","Jasz Comunicaciones Tecnologicas E Interactivas E.U","5678","socks4","3991","1","2023-07-12T11:33:57.238Z","95","2596","2739"
"202.159.35.201","elite","AS9340","ID","PT IndoInternet","199","N/A","443","socks4","3909","1","2023-07-12T11:33:57.241Z","100","2841","2847"
"117.26.41.106","elite","AS4134","CN","Chinanet","235","Chinanet FJ","2829","socks4","4787","3","2023-07-12T11:33:57.235Z","32","889","2778"
"103.66.233.225","elite","AS134014","IN","NET 4 U SERVICES","198","N/A","4145","socks4","5004","1","2023-07-12T11:33:57.243Z","99","2831","2849"
"1.0.136.207","elite","AS23969","TH","TOT Public Company Limited","154","TOT Public Company Limited","4145","socks4","3803","1","2023-07-12T11:33:57.237Z","42","1174","2791"
"27.123.3.141","elite","AS45706","ID","PT Tele Globe Global","165","N/A","4145","socks4","4988","1","2023-07-12T11:33:51.036Z","99","2830","2855"
"46.175.4.76","elite","AS39574","SK","Minet s.r.o.","82","Andrex s.r.o","39574","socks5","5002","1","2023-07-12T11:33:51.144Z","99","2806","2823"
"85.116.120.106","elite","AS12389","RU","JSC \"Uralsvyazinform\" Chelyabinsk","92","N/A","3629","socks4","4809","1","2023-07-12T11:33:51.042Z","70","1956","2780"
"45.7.177.233","elite","AS266626","BR","Litoral Telecom","172","Litoral Telecom","39867","socks4","4996","1","2023-07-12T11:33:51.043Z","99","2811","2838"
"51.178.51.28","elite","AS16276","FR","OVH SAS","8","OVH","7497","socks5","5010","53","2023-07-12T11:33:51.141Z","100","2803","2803"
"177.125.165.170","elite","AS262346","BR","FP Telecomunicacoes Ltda","284","FP Telecomunicacoes Ltda","4145","socks4","5001","1","2023-07-12T11:33:51.038Z","69","1981","2851"
"103.47.93.220","elite","AS134058","IN","Broban Internet Services Pvt.ltd","202","Broban  PVT Ltd.","1080","socks4","4109","1","2023-07-12T11:33:44.835Z","99","2809","2838"
"49.51.99.90","elite","AS132203","CA","OPHL","94","Tencent cloud computing (Beijing) Co., Ltd.","443","socks4","4388","1","2023-07-12T11:33:44.748Z","55","1546","2830"
"37.34.72.132","elite","AS198399","IT","FASTCON","96","N/A","4145","socks4","4184","1","2023-07-12T11:33:44.852Z","62","1724","2784"
"104.20.233.70","elite","AS13335","US","Cloudflare, Inc.","2","Cloudflare, Inc.","80","socks4","3897","1","2023-07-12T11:33:44.747Z","100","2817","2818"
"170.78.92.30","elite","AS265500","BR","Almeirim Telecom Ltda - ME","280","Rede Ultra MF Telecom","5678","socks4","4814","1","2023-07-12T11:33:44.749Z","97","2772","2859"
"185.158.114.235","elite","AS44812","RU","IpServer","88","IT Expert LLC","25639","socks5","4893","1","2023-07-12T11:33:44.745Z","99","2802","2821"
"64.225.28.168","elite","AS14061","US","DigitalOcean, LLC","92","DigitalOcean, LLC","38461","socks4","5089","1","2023-07-12T11:33:44.851Z","100","2757","2760"
"14.207.3.159","elite","AS45629","TH","Triple T Broadband Public Company Limited","191","Triple T Broadband Public Company Limited","5678","socks4","4401","1","2023-07-12T11:33:44.833Z","92","2605","2818"
"139.159.194.167","elite","AS55990","CN","Huawei Cloud Service data center","211","Huawei Cloud Service","7890","socks5","316","1","2023-07-12T11:33:38.750Z","73","2075","2827"
"185.200.38.236","elite","AS202561","TR","High Speed Telekomunikasyon ve Hab. Hiz. Ltd. Sti.","63","High Speed Telekomunikasyon ve Hab. Hiz. Ltd. Sti","10820","socks5","517","1","2023-07-12T11:33:38.844Z","88","2524","2861"
"1.1.237.88","elite","AS23969","TH","TOT Public Company Limited","165","TOT Public Company Limited","4145","socks4","5095","1","2023-07-12T11:33:38.745Z","35","998","2852"
"182.16.191.202","elite","AS17995","ID","PT iForte Global Internet","782","N/A","5678","socks4","4903","1","2023-07-12T11:33:38.739Z","69","1921","2794"
"49.49.91.24","elite","AS45629","TH","Triple T Broadband Public Company Limited","194","Triple T Broadband Public Company Limited","5678","socks4","4992","1","2023-07-12T11:33:38.742Z","99","2803","2838"
"45.251.231.213","elite","AS59362","BD","KS Network","202","Nazmul Karim Bhuiyan","5678","socks4","5098","1","2023-07-12T11:33:38.833Z","99","2826","2858"
"27.123.1.1","elite","AS45706","ID","PT Tele Globe Global","166","N/A","4153","socks4","4797","1","2023-07-12T11:33:38.744Z","99","2824","2858"
"103.105.40.65","elite","AS137143","IN","Minnal Digital Network Private Limited","197","Minnal Digital Network Private Limited","4145","socks4","4999","2","2023-07-12T11:33:38.747Z","100","2847","2861"
"103.47.93.206","elite","AS134058","IN","Broban Internet Services Pvt.ltd","170","Broban  PVT Ltd.","1080","socks4","1312","82","2023-07-12T11:33:32.550Z","99","2826","2848"
"74.208.65.165","elite","AS8560","US","IONOS SE","108","IONOS Inc","14548","socks4","4892","1","2023-07-12T11:33:32.639Z","99","2769","2807"
"45.196.150.155","elite","AS7018","US","AT&T Services, Inc.","82","AQUA Networks Limited","5432","socks5","4899","1","2023-07-12T11:33:32.641Z","97","2713","2793"
"47.100.19.147","elite","AS37963","CN","Addresses CNNIC","195","Aliyun Computing Co., LTD","3129","socks4","4910","2","2023-07-12T11:33:32.634Z","54","1549","2847"
"103.95.197.233","elite","AS135918","VN","Viet Digital Technology Liability Company","280","DVS","9050","socks5","4996","1","2023-07-12T11:33:26.637Z","97","2682","2775"
"45.7.177.228","elite","AS266626","BR","Litoral Telecom","178","Litoral Telecom","39867","socks4","4909","1","2023-07-12T11:33:26.635Z","98","2785","2843"
"198.199.122.10","elite","AS14061","US","DigitalOcean, LLC","86","DigitalOcean, LLC","3128","socks4","3705","1","2023-07-12T11:33:26.644Z","100","2797","2805"
"186.236.8.19","elite","AS28146","BR","Mhnet Telecom","225","Mhnet Telecom","4145","socks4","3596","1","2023-07-12T11:33:26.636Z","97","2711","2793"
"185.61.169.67","elite","AS41327","IT","FIBERTELECOM","82","N/A","4145","socks4","5085","84","2023-07-12T11:33:26.639Z","63","1805","2860"
"187.95.82.109","elite","AS262696","BR","Turbonet Telecomunicações","192","Turbonet Telecomunicações","3629","socks4","4701","1","2023-07-12T11:33:26.550Z","100","2837","2851"
"45.70.30.196","elite","AS267574","BR","Eltecweb Provedor De Internet Ltda","284","Eltecweb Provedor De Internet Ltda","5566","socks4","3288","1","2023-07-12T11:33:26.638Z","100","2835","2847"
"102.66.232.110","elite","AS328471","ZA","HERO TELECOMS (PTY) LTD","207","Herotel","5678","socks4","3199","1","2023-07-12T11:33:20.343Z","50","1391","2762"
"120.29.153.250","elite","AS38758","ID","PT Hipernet Indodata","180","N/A","5678","socks4","4506","1","2023-07-12T11:33:20.342Z","99","2840","2857"
"170.254.255.235","elite","AS52584","BR","Connect Fibra","284","Connect Fibra","45816","socks4","5010","1","2023-07-12T11:33:20.350Z","98","2730","2775"
"190.120.250.31","elite","AS264628","VE","CORPORACION FIBEX TELECOM, C.A.","141","CORPORACION FIBEX TELECOM, C.A","4145","socks4","4882","1","2023-07-12T11:33:20.340Z","99","2797","2815"
"112.78.164.62","elite","AS17451","ID","Biznet Networks","180","Metronet","5678","socks4","3806","1","2023-07-12T11:33:20.344Z","98","2805","2864"
"112.78.167.38","elite","AS17451","ID","Biznet Networks","183","Metronet","8089","socks4","5105","1","2023-07-12T11:33:20.433Z","97","2746","2843"
"173.82.45.77","elite","AS35916","US","Multacom Corporation","146","Multacom Corporation","36538","socks4","5103","1","2023-07-12T11:33:20.345Z","93","2618","2829"
"103.208.203.1","elite","AS133275","IN","Gigantic","195","N/A","5678","socks4","4205","1","2023-07-12T11:33:14.349Z","99","2799","2834"
"103.107.68.13","elite","AS137292","ID","Intranusa Core Teknologi","188","N/A","5430","socks4","4004","2","2023-07-12T11:33:14.344Z","100","2853","2861"
"79.141.160.2","elite","AS202015","US","HZ Hosting Ltd","94","HZ Na21","48462","socks5","5185","1","2023-07-12T11:33:08.233Z","95","2646","2795"
"81.199.14.17","elite","AS36892","GB","IPTEC Limited","205","Gilat Satcom Ltd.","1088","socks4","5093","1","2023-07-12T11:33:08.049Z","96","2709","2826"
"112.78.128.10","elite","AS17451","ID","Biznet Networks","184","Biznet","5678","socks4","2002","1","2023-07-12T11:33:08.050Z","89","2540","2851"
"155.133.83.161","elite","AS42366","PL","TerraTransit AG","19","MIKRONET Wenderski Jaroslaw","58351","socks4","601","1","2023-07-12T11:33:08.234Z","92","2607","2847"
"36.37.180.59","elite","AS38623","KH","VIETTEL (CAMBODIA) PTE","218","Viettel (cambodia) Pte., Ltd.","1080","socks4","4890","1","2023-07-12T11:33:08.134Z","98","2684","2746"
"178.62.63.229","elite","AS14061","GB","DigitalOcean, LLC","14","Digital Ocean","20682","socks4","5006","1","2023-07-12T11:33:08.150Z","74","2025","2748"
"79.9.90.134","elite","AS3269","IT","INTERBUSINESS","34","N/A","1080","socks5","4418","1","2023-07-12T11:33:01.737Z","100","2858","2866"
"45.112.125.54","elite","AS58369","ID","FIBERNET","194","N/A","4145","socks4","3298","1","2023-07-12T11:33:01.649Z","99","2827","2859"
"199.195.249.15","elite","AS53667","US","FranTech Solutions","73","FranTech Solutions","30085","socks4","5013","1","2023-07-12T11:33:01.642Z","100","2813","2817"
"88.99.191.147","elite","AS24940","DE","Hetzner Online GmbH","15","Hetzner","9050","socks4","4294","1","2023-07-12T11:33:01.833Z","99","2800","2842"
"171.100.22.133","elite","AS17552","TH","True Internet Corporation CO. Ltd.","196","Truenet CM","5678","socks4","4806","1","2023-07-12T11:32:55.642Z","76","2112","2773"
"95.38.75.60","elite","AS41881","IR","Fanava Group","193","Fanava Group","4145","socks4","5094","1","2023-07-12T11:32:55.646Z","91","2545","2794"
"103.135.225.205","elite","AS138871","ID","SUPERCORRIDOR","169","N/A","4153","socks4","1499","2","2023-07-12T11:32:55.639Z","93","2585","2788"
"202.164.194.41","elite","AS57324","IQ","Al Lawn Al Akhdar International Company for Communications and Information Tech","97","Gccit","4145","socks4","1501","1","2023-07-12T11:32:55.641Z","97","2759","2856"
"5.252.179.222","elite","AS39798","RU","MivoCloud Russia","55","MivoCloud SRL","32109","socks5","5202","1","2023-07-12T11:32:55.737Z","99","2752","2768"
"103.111.160.41","elite","AS59323","PK","Punjab Information Technology Board","195","Pitb Punjab","5678","socks4","4989","1","2023-07-12T11:32:55.637Z","98","2821","2866"
"180.124.152.107","elite","AS4134","CN","Chinanet","298","Chinanet JS","8902","socks4","4799","1","2023-07-12T11:32:49.537Z","56","1588","2846"
"122.152.53.25","elite","AS38562","BD","Innovative Online Ltd.","174","Innovative Online Ltd","5678","socks4","2510","1","2023-07-12T11:32:49.534Z","93","2655","2862"
"124.122.137.249","elite","AS17552","TH","True Internet Co., Ltd.","194","TRUE BB","4153","socks4","3094","1","2023-07-12T11:32:49.447Z","77","2155","2785"
"58.210.196.42","elite","AS4134","CN","Chinanet","201","Changshu Debang Logistics Co., Ltd.","7302","socks5","4701","2","2023-07-12T11:32:43.439Z","78","2232","2853"
"212.83.136.242","elite","AS12876","FR","Online S.A.S.","1","ONLINE","5836","socks4","4709","1","2023-07-12T11:32:43.440Z","100","2808","2809"
"104.18.251.208","elite","AS13335","US","Cloudflare, Inc.","2","Cloudflare, Inc.","80","socks5","3511","1","2023-07-12T11:32:43.442Z","100","2772","2773"
"75.119.207.148","elite","AS26347","US","New Dream Network, LLC","184","New Dream Network, LLC","32238","socks4","5093","1","2023-07-12T11:32:37.538Z","100","2845","2846"
"185.84.64.101","elite","AS40975","RO","CHML Web Services SRL","45","CHML Web Services SRL","45692","socks4","4318","1","2023-07-12T11:32:37.741Z","100","2832","2841"
"104.20.75.69","elite","AS13335","US","Cloudflare, Inc.","2","Cloudflare, Inc.","80","socks5","4602","1","2023-07-12T11:32:37.641Z","100","2772","2772"
"114.7.161.18","elite","AS4761","ID","PT. INDOSAT Tbk","192","PT. INDOSAT Tbk","1080","socks4","5103","1","2023-07-12T11:32:37.638Z","97","2765","2852"
"93.115.148.208","elite","AS43754","IR","Asiatech Data Transmission company","198","Asiatech Data Transmission Co.","5678","socks5","5081","1","2023-07-12T11:32:37.740Z","98","2677","2740"
"58.240.192.158","elite","AS4837","CN","CNC Group Jiangsu province network","184","N/A","4145","socks4","4797","1","2023-07-12T11:32:37.738Z","80","2192","2749"
"94.130.179.24","elite","AS24940","DE","Hetzner Online GmbH","92","Hetzner","8003","socks4","5094","4","2023-07-12T11:32:31.633Z","94","2571","2749"
"167.86.76.187","elite","AS51167","DE","Contabo GmbH","19","Contabo GmbH","7497","socks5","4904","1","2023-07-12T11:32:31.537Z","54","1499","2772"
"172.105.201.56","elite","AS63949","JP","Akamai Technologies","294","Linode","19151","socks4","2102","1","2023-07-12T11:32:31.450Z","99","2742","2771"
"123.59.100.246","elite","AS23724","CN","CloudVsp.Inc","197","N/A","1080","socks4","4302","1","2023-07-12T11:32:31.535Z","74","2113","2863"
"158.140.160.86","elite","AS63859","ID","MYREPUBLIC","206","N/A","10808","socks4","3409","1","2023-07-12T11:32:23.035Z","97","2724","2808"
"197.234.13.57","elite","AS36902","SC","Intelvision","193","Intelvision Ltd","4145","socks4","3911","1","2023-07-12T11:32:23.043Z","100","2852","2864"
"8.218.134.238","elite","AS45102","HK","Alibaba (US) Technology Co., Ltd.","297","Alibaba.com Singapore E-Commerce Private Limited","10802","socks5","305","1","2023-07-12T11:32:23.041Z","60","1689","2831"
"43.156.70.173","elite","AS132203","SG","Shenzhen Tencent Computer Systems Company Limited","399","Tencent Cloud Computing","10081","socks5","5103","1","2023-07-12T11:32:23.044Z","99","2744","2764"
"62.179.9.19","elite","AS6830","PL","UPC Poland","35","N/A","5678","socks5","4902","1","2023-07-12T11:32:17.145Z","100","2800","2806"
"185.6.8.108","elite","AS12552","SE","GlobalConnect AB","93","Snapback AB","19427","socks4","3201","1","2023-07-12T11:32:17.142Z","100","2770","2772"
"203.34.28.166","elite","AS209242","VG","Cloudflare London, LLC","15","Anaga Consulting Limited","80","socks4","5103","82","2023-07-12T11:32:16.839Z","100","2849","2850"
"45.7.177.222","elite","AS266626","BR","Litoral Telecom","182","Litoral Telecom","39867","socks4","4491","1","2023-07-12T11:32:16.835Z","99","2829","2857"
"166.62.52.254","elite","AS26496","US","GoDaddy.com, LLC","193","GoDaddy.com, LLC","5138","socks4","4592","1","2023-07-12T11:32:16.842Z","98","2743","2788"
"43.134.183.120","elite","AS132203","SG","Aceville Pte.ltd","387","N/A","443","socks4","4786","1","2023-07-12T11:32:16.838Z","82","2312","2813"
"104.18.237.128","elite","AS13335","US","Cloudflare, Inc.","2","Cloudflare, Inc.","80","socks4","4009","1","2023-07-12T11:32:16.843Z","100","2841","2842"
"104.168.234.148","elite","AS54290","US","Hostwinds LLC.","138","Hostwinds LLC","3128","socks4","4902","1","2023-07-12T11:32:16.845Z","93","2622","2818"
"38.127.173.169","elite","AS174","US","Cogent Communications","104","Torlandia Trading SRL","42908","socks5","3603","1","2023-07-12T11:32:10.737Z","100","2785","2786"
"70.60.230.8","elite","AS11426","US","Spectrum","107","Fastlink Communications Inc","34116","socks4","4898","1","2023-07-12T11:32:10.637Z","100","2856","2862"
"204.10.182.34","elite","AS1819","US","DCM Cable Inc.","101","DCM Cable Inc","39593","socks4","5110","1","2023-07-12T11:32:10.650Z","100","2853","2853"
"212.129.42.252","elite","AS12876","FR","Online S.A.S.","1","ONLINE","60111","socks5","5007","1","2023-07-12T11:32:04.444Z","100","2854","2854"
"77.192.165.202","elite","AS15557","FR","Societe Francaise Du Radiotelephone - SFR SA","18","N9uf PRO","5678","socks4","4809","1","2023-07-12T11:32:04.449Z","100","2805","2806"
"198.98.49.82","elite","AS53667","US","FranTech Solutions","73","FranTech Solutions","443","socks5","4792","1","2023-07-12T11:32:04.441Z","100","2729","2732"
"45.77.108.208","elite","AS20473","US","The Constant Company","88","Vultr Holdings, LLC","9050","socks4","2896","1","2023-07-12T11:32:04.447Z","73","2074","2850"
"202.159.35.177","elite","AS9340","ID","PT IndoInternet","168","N/A","443","socks4","5098","82","2023-07-12T11:32:04.341Z","100","2834","2838"
"178.212.98.200","elite","AS48957","UA","Joint Ukrainian American Enterprise \"Telecommunications Resource Center\" ltd","35","LVIV2","44550","socks4","4893","1","2023-07-12T11:32:04.340Z","95","2714","2859"
"177.36.185.178","elite","AS53062","BR","Ggnet Telecom Backbone","289","Ggnet Telecom Backbone","5678","socks4","4296","1","2023-07-12T11:32:04.343Z","89","2551","2854"
"70.32.26.22","elite","AS55293","US","A2 Hosting, Inc.","96","A2 Hosting, Inc.","36546","socks5","3604","1","2023-07-12T11:32:04.443Z","100","2749","2751"
"202.124.43.248","elite","AS9902","KH","NeocomISP Limited","210","NeocomISP Limited","4145","socks4","4800","1","2023-07-12T11:31:58.248Z","100","2741","2753"
"168.227.158.45","elite","AS52898","BR","Multipla ServiÔos Inteligentes","204","Multipla Serviços Inteligentes","4145","socks4","4606","1","2023-07-12T11:31:58.244Z","99","2726","2747"
"43.153.177.61","elite","AS132203","JP","Shenzhen Tencent Computer Systems Company Limited","291","Tencent Cloud Computing","443","socks5","4715","1","2023-07-12T11:31:58.248Z","90","2517","2807"
"197.234.13.16","elite","AS36902","SC","Intelvision","193","Intelvision Ltd","4145","socks4","5102","1","2023-07-12T11:31:58.243Z","100","2806","2818"
"222.74.65.84","elite","AS4134","CN","Chinanet","246","Chinanet NM","38051","socks5","4992","1","2023-07-12T11:31:58.241Z","75","2090","2799"
"186.235.187.14","elite","AS61888","BR","GFT COMERCIO DE TELEFONIA E COMUNICACAO LTDA","185","Avil Tecidos Recife Ltda","4153","socks4","4907","1","2023-07-12T11:31:58.244Z","100","2813","2822"
"181.15.156.170","elite","AS7303","AR","Telecom Argentina S.A.","267","Telecom Argentina S.A","8080","socks5","3304","1","2023-07-12T11:31:58.249Z","98","2750","2815"
"62.201.214.45","elite","AS44217","IQ","IQnet-SU","78","N/A","5678","socks4","184","1","2023-07-12T11:31:58.250Z","100","2796","2801"
"143.244.149.59","elite","AS14061","US","DigitalOcean, LLC","99","DigitalOcean, LLC","35887","socks5","4799","1","2023-07-12T11:31:52.142Z","100","2763","2773"
"165.225.110.77","elite","AS53813","JP","ZSCALER, INC.","242","Zscaler, Inc.","10605","socks4","4896","1","2023-07-12T11:31:52.041Z","92","2523","2731"
"119.42.86.104","elite","AS131090","TH","CAT-BB","193","N/A","4145","socks4","4707","1","2023-07-12T11:31:52.043Z","80","2266","2822"
"177.38.182.166","elite","AS52971","BR","Micks Telecom Eireli","260","Prefeitura Municipal de Guanambi","5678","socks4","3910","1","2023-07-12T11:31:52.045Z","99","2802","2819"
"125.24.56.159","elite","AS23969","TH","TOT Public Company Limited","160","TOT Public Company Limited","4145","socks4","5097","1","2023-07-12T11:31:46.144Z","70","1926","2741"
"189.201.191.17","elite","AS28438","MX","ATC HOLDING FIBRA MEXICO, S. DE R.L. DE C.V.","197","ATC HOLDING FIBRA MEXICO, S. DE R.L. DE C.V","4145","socks4","5185","1","2023-07-12T11:31:46.036Z","99","2784","2804"
"212.69.12.181","elite","AS52116","RS","Orion Telekom Tim d.o.o.Beograd","35","Orion Telekom Tim d.o.o.Beograd","1080","socks4","5096","1","2023-07-12T11:31:46.037Z","100","2835","2835"
"104.16.221.57","elite","AS13335","US","Cloudflare, Inc.","2","Cloudflare, Inc.","80","socks5","1211","1","2023-07-12T11:31:46.041Z","100","2789","2790"
"103.120.146.32","elite","AS138042","BD","Runway Broadband","199","Runwaybroadband","5678","socks4","4404","1","2023-07-12T11:31:46.039Z","96","2717","2832"
"91.199.93.32","elite","AS44352","UA","I.T.T. Tehnologiya LLC","41","I.T.T. Tehnologiya LLC","4153","socks4","4912","1","2023-07-12T11:31:46.044Z","66","1900","2860"
"46.227.38.1","elite","AS51155","PL","TB Telecom Sp. z o. o.","39","Telemedian","1088","socks4","5203","1","2023-07-12T11:31:46.035Z","100","2853","2861"
"185.75.161.118","elite","AS204373","PL","POLINEO Sp. z o.o.","50","POLINEO Sp. z o.o","5678","socks4","2911","3","2023-07-12T11:31:46.145Z","99","2813","2851"
"103.140.35.11","elite","AS58369","ID","PT.Simprug Mahkota Indah","177","N/A","4145","socks4","4707","1","2023-07-12T11:31:39.647Z","93","2672","2859"
"96.70.52.227","elite","AS33491","US","Comcast Cable Communications, LLC","196","Comcast Cable Communications, LLC","48324","socks4","4713","1","2023-07-12T11:31:39.642Z","100","2827","2830"
"47.243.138.23","elite","AS45102","HK","Alibaba (US) Technology Co., Ltd.","297","Alibaba.com LLC","8888","socks5","4993","82","2023-07-12T11:31:39.644Z","54","1552","2861"
"103.79.152.203","elite","AS131111","ID","MORATELINDO","184","Moratelindo","5678","socks4","5094","58","2023-07-12T11:31:39.733Z","99","2786","2802"
"79.143.191.128","elite","AS51167","DE","Contabo GmbH","17","Contabo GmbH","21631","socks5","4899","1","2023-07-12T11:31:39.748Z","100","2803","2805"
"103.31.84.122","elite","AS7642","MV","Dhiraagu Pvt.Ltd","188","Dhivehi Raajjeyge Gulhun Plc","1080","socks4","3109","1","2023-07-12T11:31:33.235Z","100","2851","2861"
"186.47.23.6","elite","AS28006","EC","Corporacion Nacional De Telecomunicaciones - CNT EP","199","Corporacion Nacional De Telecomunicaciones - CNT EP","5678","socks4","5003","1","2023-07-12T11:31:33.441Z","96","2732","2856"
"206.189.140.176","elite","AS14061","IN","DigitalOcean, LLC","196","DigitalOcean, LLC","21657","socks4","4994","1","2023-07-12T11:31:33.437Z","99","2777","2809"
"75.119.202.168","elite","AS26347","US","New Dream Network, LLC","182","New Dream Network, LLC","32524","socks4","4299","1","2023-07-12T11:31:33.242Z","100","2827","2828"
"209.143.1.244","elite","AS7106","US","Com Net, Inc","194","Com","80","socks4","1286","1","2023-07-12T11:31:33.237Z","100","2783","2787"
"220.189.52.36","elite","AS4134","CN","Chinanet","209","N/A","2080","socks5","606","82","2023-07-12T11:31:33.335Z","25","702","2778"
"89.162.185.34","elite","AS15895","UA","SOL Network","41","N/A","1080","socks5","4301","1","2023-07-12T11:31:33.240Z","99","2851","2868"
"177.86.64.1","elite","AS262623","BR","claudio jose lara -me","203","claudio jose lara -me","3629","socks4","3806","1","2023-07-12T11:31:33.243Z","100","2726","2735"
"213.89.48.95","elite","AS1257","SE","CHELLO","53","Com Hem AB","1080","socks4","3390","1","2023-07-12T11:31:27.437Z","97","2735","2813"
"89.216.52.217","elite","AS31042","RS","Serbia Broadband","46","N/A","4153","socks4","4807","82","2023-07-12T11:31:27.444Z","100","2815","2822"
"143.202.226.31","elite","AS262346","BR","FP Telecomunicacoes Ltda","207","FP Telecomunicacoes Ltda","4145","socks4","3204","1","2023-07-12T11:31:27.434Z","78","2226","2857"
"165.225.80.214","elite","AS62044","GB","Zscaler Switzerland GmbH","88","Zscaler, Inc.","10605","socks4","4010","1","2023-07-12T11:31:27.441Z","98","2790","2858"
"102.176.160.70","elite","AS37612","GN","2nd RO","170","N/A","5678","socks4","4498","1","2023-07-12T11:31:21.342Z","71","1997","2801"
"173.82.252.159","elite","AS35916","US","Multacom Corporation","146","Multacom Corporation","22318","socks5","4611","1","2023-07-12T11:31:21.349Z","90","2520","2809"
"110.76.155.145","elite","AS45752","TH","Provincial Waterworks Authority","188","Provincial Waterworks Authority","14153","socks4","4808","1","2023-07-12T11:31:21.351Z","99","2822","2850"
"128.199.79.8","elite","AS14061","SG","DigitalOcean, LLC","187","DigitalOcean, LLC","7497","socks5","3615","1","2023-07-12T11:31:21.343Z","96","2716","2816"
"89.161.90.155","elite","AS39375","PL","Telekomunikacja Podlasie Sp. z o.o.","34","Telekomunikacja Podlasie sp. z o.o.","5678","socks4","5110","1","2023-07-12T11:31:21.344Z","99","2837","2859"
"177.136.212.56","elite","AS52685","BR","Conectnet TelecomunicaÔÔes Ltda.","288","Conectnet Telecomunicações Ltda","4145","socks4","4792","1","2023-07-12T11:31:15.241Z","60","1634","2734"
"177.66.195.118","elite","AS262503","BR","Wiki Telecomunicacoes Eireli","205","Maranhão Telecom ltda ME","4145","socks4","5200","1","2023-07-12T11:31:15.235Z","99","2799","2836"
"183.88.36.32","elite","AS45629","TH","Triple T Broadband Public Company Limited","184","Triple T Broadband Public Company Limited","8080","socks5","4790","1","2023-07-12T11:31:15.240Z","94","2614","2775"
"159.65.242.254","elite","AS14061","US","DigitalOcean, LLC","83","Digital Ocean","7497","socks5","4801","1","2023-07-12T11:31:15.233Z","97","2731","2825"
"182.52.70.117","elite","AS23969","TH","TOT Public Company Limited","158","TOT Public Company Limited","4145","socks4","5090","1","2023-07-12T11:31:15.245Z","100","2844","2850"
"79.121.31.86","elite","AS43529","HU","Vidanet Cabletelevision Provider Ltd","38","ViDanet","5678","socks4","3703","1","2023-07-12T11:31:15.236Z","99","2786","2802"
"115.186.139.69","elite","AS23674","PK","Nayatel (Pvt) Ltd","150","Nayatel","5678","socks4","4991","1","2023-07-12T11:31:08.845Z","99","2776","2794"
"186.251.255.73","elite","AS267513","BR","Seanet Telecom Carazinho Eireli","207","Seanet Telecom Carazinho Eireli","31337","socks4","4800","2","2023-07-12T11:31:08.934Z","99","2829","2848"
"38.127.179.19","elite","AS174","US","Cogent Communications","81","Torlandia Trading SRL","55994","socks5","4806","1","2023-07-12T11:31:02.643Z","100","2771","2773"
"103.84.178.2","elite","AS136279","IN","Glo Internet Services Pvt Ltd","159","Glo  Pvt Ltd","4153","socks4","4198","1","2023-07-12T11:31:02.541Z","100","2781","2790"
"95.140.124.161","elite","AS9125","RS","Drustvo za telekomunikacije Orion telekom doo Beograd, Gandijeva 76a","33","Orion Telekom Network","1080","socks4","4916","1","2023-07-12T11:31:02.546Z","100","2824","2827"
"93.91.118.141","elite","AS47562","RU","Fast Link Ltd.","49","N/A","3629","socks4","4401","1","2023-07-12T11:31:02.535Z","99","2817","2853"
"185.170.233.103","elite","AS206912","CY","Superdach LTD","83","Infra","47574","socks4","4697","1","2023-07-12T11:31:02.545Z","100","2851","2856"
"38.91.107.2","elite","AS63023","US","GTHost","107","Globaltelehost Corp","23481","socks4","4596","1","2023-07-12T11:31:02.544Z","100","2754","2764"
"103.14.20.225","elite","AS131717","ID","PT Citra Jelajah Informatika","192","Sony Sugema College","5678","socks4","4998","1","2023-07-12T11:30:55.840Z","98","2792","2844"
"111.164.88.250","elite","AS4837","CN","China Unicom Tianjin Province Network","298","N/A","1080","socks4","4814","1","2023-07-12T11:30:55.843Z","71","1996","2807"
"103.47.93.210","elite","AS134058","IN","Broban Internet Services Pvt.ltd","147","Broban  PVT Ltd.","1080","socks4","3585","1","2023-07-12T11:30:55.847Z","99","2816","2842"
"188.255.218.246","elite","AS200923","RS","Orion Telekom Indjija Ewireless","50","N/A","1080","socks4","4592","1","2023-07-12T11:30:49.653Z","97","2783","2865"
"102.66.237.49","elite","AS328471","ZA","HERO TELECOMS (PTY) LTD","200","Herotel","5678","socks4","5100","1","2023-07-12T11:30:49.633Z","56","1529","2738"
"213.250.198.66","elite","AS28851","CZ","Fortech s.r.o","92","Fortech s.r.o.","4145","socks4","4697","1","2023-07-12T11:30:49.637Z","94","2668","2852"
"190.13.147.93","elite","AS14117","CL","Telefonica del Sur S.A.","293","Telefonica del Sur S.A","5678","socks4","4992","1","2023-07-12T11:30:49.636Z","99","2757","2791"
"202.43.112.34","elite","AS45325","ID","PC24NET","187","N/A","4145","socks4","4713","1","2023-07-12T11:30:49.547Z","97","2752","2845"
"102.176.180.6","elite","AS328271","KE","Syokinet Solutions Limited","193","Syokinet Solutions","4153","socks4","3504","1","2023-07-12T11:30:43.041Z","97","2767","2863"
"177.125.206.157","elite","AS262346","BR","FP Telecomunicacoes Ltda","210","FP Telecomunicacoes Ltda","4145","socks4","5092","1","2023-07-12T11:30:43.039Z","83","2296","2760"
"131.0.143.1","elite","AS61885","BR","Mgnetmoc Ltda","290","Mgnetmoc Ltda","4145","socks4","809","1","2023-07-12T11:30:43.046Z","99","2826","2857"
"103.115.255.65","elite","AS137868","BD","Star Internet Service","183","Md. Murad Hossain Ripon","36331","socks4","2789","1","2023-07-12T11:30:43.143Z","98","2694","2742"
"103.47.93.250","elite","AS134058","IN","Broban Internet Services Pvt.ltd","197","Broban  PVT Ltd.","1080","socks4","5184","1","2023-07-12T11:30:43.048Z","99","2839","2865"
"124.120.106.86","elite","AS17552","TH","TRUEBB","193","N/A","5678","socks4","5095","1","2023-07-12T11:30:43.042Z","73","2054","2797"
"195.154.61.36","elite","AS12876","FR","Online SAS","1","N/A","57438","socks5","5098","1","2023-07-12T11:30:43.145Z","44","1223","2805"
"100.4.91.158","elite","AS701","US","Verizon Communications","98","MCI Communications Services, Inc. d/b/a Verizon Business","8080","socks4","5189","1","2023-07-12T11:30:36.445Z","97","2716","2808"
"103.73.74.180","elite","AS135468","ID","PT. Wahana Internet Nusantara","190","N/A","1080","socks5","4898","1","2023-07-12T11:30:36.446Z","99","2762","2778"
"41.65.236.52","elite","AS36992","EG","Etisalat Misr","161","Nile Online","1976","socks5","4802","1","2023-07-12T11:30:36.447Z","98","2770","2832"
"178.212.48.23","elite","AS197025","PL","Lubuskie Sieci Swiatlowodowe Sp. z o. o.","35","Lubuskie Sieci Swiatlowodowe Sp. z o. o","1080","socks4","5102","1","2023-07-12T11:30:36.543Z","99","2778","2795"
"45.7.210.203","elite","AS265729","AR","Cooperativa de Servicios Públicos de Porteña LTDA","238","Cooperativa de Servicios Públicos de Porteña LTDA","4153","socks4","4602","1","2023-07-12T11:30:36.438Z","99","2752","2780"
"185.162.128.135","elite","AS14576","NL","Hosting purposes in Netherlands","13","N/A","9057","socks5","4004","1","2023-07-12T11:30:30.040Z","79","2238","2839"
"157.230.186.18","elite","AS14061","US","DigitalOcean, LLC","86","DigitalOcean, LLC","12192","socks4","4194","1","2023-07-12T11:30:29.936Z","81","2247","2758"
"185.46.60.108","elite","AS15836","MD","Arax-Impex s.r.l.","60","N/A","5678","socks4","3601","1","2023-07-12T11:30:29.938Z","100","2835","2836"
"203.22.223.12","elite","AS209242","CY","Cloudflare London, LLC","11","Lachtaristo Holdings Limited","80","socks4","4994","1","2023-07-12T11:30:29.937Z","100","2746","2746"
"103.70.159.150","elite","AS133720","IN","speednet","191","N/A","5678","socks4","4691","1","2023-07-12T11:30:29.935Z","99","2824","2857"
"181.143.204.98","elite","AS13489","CO","EPM Telecomunicaciones S.A. E.S.P.","147","EPM Telecomunicaciones S.A. E.S.P","5678","socks4","3188","1","2023-07-12T11:30:21.235Z","99","2827","2858"
"182.53.129.86","elite","AS23969","TH","TOT Public Company Limited","190","TOT Public Company Limited","5678","socks4","4189","1","2023-07-12T11:30:20.751Z","47","1336","2846"
"138.36.150.25","elite","AS263729","AR","Pedraza Luis Eduardo","297","Pedraza Luis Eduardo","1080","socks4","3398","1","2023-07-12T11:30:20.749Z","96","2672","2785"
"173.236.182.83","elite","AS26347","US","New Dream Network, LLC","81","New Dream Network, LLC","12873","socks5","4994","1","2023-07-12T11:30:20.835Z","100","2850","2854"
"75.119.204.86","elite","AS26347","US","New Dream Network, LLC","187","New Dream Network, LLC","42863","socks4","510","1","2023-07-12T11:30:20.744Z","100","2844","2846"
"70.90.67.139","elite","AS33661","US","Comcast Cable Communications, LLC","198","Comcast Cable Communications, LLC","54321","socks4","5007","1","2023-07-12T11:30:20.743Z","98","2811","2860"
"43.132.158.215","elite","AS132203","HK","Shenzhen Tencent Computer Systems Company Limited","262","Tencent Cloud Computing","1080","socks5","5104","1","2023-07-12T11:30:20.834Z","99","2827","2854"
"109.172.114.16","elite","AS202984","RU","Chernyshov Aleksandr Aleksandrovich","49","DATAMAX-M, LLC","45785","socks5","3016","1","2023-07-12T11:30:14.649Z","100","2798","2801"
"43.153.90.161","elite","AS132203","US","Shenzhen Tencent Computer Systems Company Limited","191","Tencent Cloud Computing","443","socks4","4888","1","2023-07-12T11:30:14.545Z","74","2079","2813"
"180.183.103.63","elite","AS45629","TH","Triple T Broadband Public Company Limited","192","Triple T Broadband Public Company Limited","4153","socks4","4206","1","2023-07-12T11:30:14.635Z","95","2723","2860"
"1.2.212.23","elite","AS23969","TH","TOT Public Company Limited","184","TOT Public Company Limited","4145","socks4","5003","1","2023-07-12T11:30:14.544Z","74","2104","2836"
"202.70.80.153","elite","AS23752","NP","Nepal Telecommunications Corporation","186","Nepal Telecommunications Corporation","5678","socks4","1194","1","2023-07-12T11:30:14.548Z","97","2688","2781"
"177.38.5.234","elite","AS52964","BR","FÔBIO MENDES DIAS LTDA ME","288","FÁBIO MENDES DIAS LTDA ME","4153","socks4","4980","1","2023-07-12T11:30:14.550Z","96","2631","2753"
"51.79.248.215","elite","AS16276","SG","OVH SAS","198","OVH Singapore PTE. LTD","25693","socks4","4901","1","2023-07-12T11:30:14.636Z","100","2861","2861"
"85.100.40.12","elite","AS47331","TR","TurkTelecom","56","Turk Telekomunikasyon A.S","5678","socks4","4697","1","2023-07-12T11:30:14.549Z","97","2758","2853"
"94.240.24.91","elite","AS206282","PL","NMEDIA Anna Krzesinska","53","Nmedia","5678","socks4","4596","1","2023-07-12T11:30:08.348Z","53","1464","2759"
"49.0.113.6","elite","AS45458","TH","Advanced Wireless Network Company Limited","191","AIS Corporate","5678","socks4","4011","1","2023-07-12T11:30:08.344Z","93","2599","2799"
"104.19.124.112","elite","AS13335","US","Cloudflare, Inc.","83","Cloudflare, Inc.","80","socks4","4813","1","2023-07-12T11:30:08.347Z","100","2778","2778"
"138.219.50.170","elite","AS263933","BR","Sistem Telecom","266","Sistem Telecom","4145","socks4","4789","1","2023-07-12T11:30:08.337Z","99","2838","2860"
"166.62.59.87","elite","AS26496","US","GoDaddy.com, LLC","135","GoDaddy.com, LLC","32077","socks4","1796","1","2023-07-12T11:30:08.346Z","100","2793","2799"
"188.166.239.48","elite","AS14061","SG","DigitalOcean, LLC","173","Digitalocean","3128","socks4","4615","1","2023-07-12T11:30:02.145Z","100","2822","2824"
"41.89.162.100","elite","AS36914","KE","KENET","145","Jomo Kenyatta Memorial Library, University of Nairobi","4673","socks4","4799","1","2023-07-12T11:30:02.137Z","99","2792","2819"
"193.8.87.85","elite","AS197698","CZ","D-H-T SYSTEMS s.r.o.","23","D-H-T SYSTEMS s.r.o","4444","socks4","4300","1","2023-07-12T11:30:02.133Z","100","2751","2760"
"185.19.213.56","elite","AS51362","ES","Operadora Gredos 3","186","Operadora Gredos SL","5678","socks4","1200","1","2023-07-12T11:30:02.140Z","73","1994","2745"
"112.195.36.157","elite","AS4837","CN","China Unicom CHINA169 Sichuan Province Network","292","N/A","24388","socks4","5099","2","2023-07-12T11:30:02.142Z","62","1737","2795"
"119.148.37.198","elite","AS23923","BD","Agni Systems Limited","185","Agni Systems Ltd.","1088","socks4","4808","1","2023-07-12T11:29:55.839Z","98","2673","2730"
"218.185.242.117","elite","AS4809","SG","China Telecom Next Generation Carrier Network","202","CTG","9050","socks4","4997","1","2023-07-12T11:29:55.751Z","100","2859","2859"
"202.159.35.97","elite","AS9340","ID","PT IndoInternet","190","N/A","443","socks4","4902","1","2023-07-12T11:29:55.838Z","100","2813","2818"
"45.7.177.210","elite","AS266626","BR","Litoral Telecom","172","Litoral Telecom","39867","socks4","4911","1","2023-07-12T11:29:55.836Z","99","2802","2824"
"86.48.13.95","elite","AS136787","JP","Tefincom S.A.","265","Packethub S.A","3128","socks5","4597","1","2023-07-12T11:29:55.837Z","99","2727","2742"
"173.255.199.69","elite","AS63949","US","Akamai Technologies, Inc.","111","Linode","19151","socks5","4197","1","2023-07-12T11:29:49.637Z","100","2848","2851"
"122.249.236.152","elite","AS4685","JP","ASAHI Net, Inc.","248","ASAHI","8080","socks4","4806","1","2023-07-12T11:29:49.643Z","97","2722","2812"
"178.128.148.69","elite","AS14061","US","DigitalOcean, LLC","85","Digitalocean","3128","socks4","4796","1","2023-07-12T11:29:49.732Z","100","2785","2791"
"188.92.242.106","elite","AS25227","RU","JSC Avantel","51","Avantel, Close Joint Stock Company","8088","socks5","3109","1","2023-07-12T11:29:43.445Z","99","2821","2863"
"103.59.203.189","elite","AS134014","IN","NET 4 U SERVICES PVT LTD","127","NET 4 U Services PVT LTD","4145","socks4","4912","1","2023-07-12T11:29:43.345Z","99","2841","2862"
"197.234.13.97","elite","AS36902","SC","Intelvision","191","Intelvision Ltd","4145","socks4","3989","1","2023-07-12T11:29:43.344Z","100","2828","2838"
"138.197.138.160","elite","AS14061","CA","DigitalOcean, LLC","96","DigitalOcean, LLC","10181","socks5","4690","1","2023-07-12T11:29:43.337Z","100","2870","2872"
"117.102.224.38","elite","AS23756","ID","PT Padi Internet","204","N/A","1080","socks4","4896","1","2023-07-12T11:29:43.335Z","100","2852","2857"
"149.202.27.17","elite","AS16276","FR","OVH SAS","86","Vova Kuchkovskiy","16379","socks4","5096","82","2023-07-12T11:29:43.446Z","99","2824","2856"
"218.1.142.134","elite","AS4812","CN","China Telecom","347","N/A","57114","socks4","4802","1","2023-07-12T11:29:43.339Z","20","542","2745"
"103.245.205.142","elite","AS9441","BD","Next Online Limited","172","Nextonline Limited","35158","socks4","4999","1","2023-07-12T11:29:43.443Z","97","2683","2758"
"121.101.186.201","elite","AS38785","ID","BAGUSNET","284","N/A","43296","socks4","4811","1","2023-07-12T11:29:37.050Z","93","2667","2869"
"43.153.90.69","elite","AS132203","US","Shenzhen Tencent Computer Systems Company Limited","195","Tencent Cloud Computing","443","socks5","701","79","2023-07-12T11:29:37.147Z","64","1809","2807"
"177.184.72.22","elite","AS52898","BR","Multipla ServiÔos Inteligentes","279","Multipla Serviços Inteligentes","4145","socks4","3003","1","2023-07-12T11:29:37.045Z","99","2844","2868"
"65.169.38.73","elite","AS20081","US","NET2ATLANTA.COM LLC","136","Sprint","26592","socks4","4909","1","2023-07-12T11:29:31.036Z","73","1994","2743"
"103.47.93.222","elite","AS134058","IN","Broban Internet Services Pvt.ltd","163","Broban  PVT Ltd.","1080","socks4","5096","1","2023-07-12T11:29:31.040Z","99","2841","2867"
"178.212.55.57","elite","AS197025","PL","Lubuskie Sieci Swiatlowodowe Sp. z o. o.","38","Lubuskie Sieci Swiatlowodowe Sp. z o. o","1080","socks4","4994","1","2023-07-12T11:29:31.134Z","99","2796","2838"
"77.85.168.253","elite","AS8866","BG","Vivacom Bulgaria EAD","48","Vivacom Bulgaria EAD","4145","socks4","5095","1","2023-07-12T11:29:30.944Z","46","1322","2853"
"111.50.83.20","elite","AS9808","CN","China Mobile communications corporation","386","China Mobile","7302","socks5","3215","1","2023-07-12T11:29:30.949Z","43","1209","2803"
"66.33.213.95","elite","AS26347","US","New Dream Network, LLC","81","New Dream Network, LLC","6285","socks4","5001","1","2023-07-12T11:29:30.947Z","100","2845","2852"
"103.199.97.33","elite","AS45804","IN","New Shivam Cable Network","199","N/A","39825","socks4","2806","1","2023-07-12T11:29:24.742Z","97","2734","2826"
"200.10.73.210","elite","AS6147","PE","Telefonica del Peru S.A.A.","197","Telefonica del Peru S.A.A","5678","socks4","4705","1","2023-07-12T11:29:24.649Z","96","2756","2856"
"121.205.69.243","elite","AS4134","CN","Chinanet","203","Chinanet FJ","21212","socks5","4588","1","2023-07-12T11:29:24.738Z","63","1720","2748"
"159.192.253.92","elite","AS131090","TH","CAT-BB","192","N/A","4145","socks4","4902","1","2023-07-12T11:29:24.735Z","78","2140","2733"
"49.75.17.108","elite","AS4134","CN","Chinanet","189","Chinanet JS","44844","socks5","1803","1","2023-07-12T11:29:24.734Z","64","1756","2741"
"170.254.255.231","elite","AS52584","BR","Connect Fibra","215","Connect Fibra","45816","socks4","3608","1","2023-07-12T11:29:18.537Z","99","2813","2852"
"80.59.233.178","elite","AS3352","ES","Telefonica de Espana SAU","24","RIMA (Red IP Multi Acceso)","60008","socks4","4496","1","2023-07-12T11:29:18.545Z","100","2791","2795"
"197.234.13.90","elite","AS36902","SC","Intelvision","194","Intelvision Ltd","4145","socks4","1609","1","2023-07-12T11:29:18.541Z","100","2797","2810"
"31.204.28.20","elite","AS209372","US","SIA \"Singularity Telecom\"","92","Popov Andry Vasilievich","5432","socks4","3502","1","2023-07-12T11:29:18.544Z","100","2840","2847"
"109.251.197.33","elite","AS31148","UA","O3 Core","43","N/A","48805","socks4","5092","1","2023-07-12T11:29:12.435Z","98","2737","2781"
"46.254.240.106","elite","AS5547","RU","ORTEL","189","N/A","43310","socks4","4393","1","2023-07-12T11:29:12.437Z","99","2825","2857"
"89.237.33.225","elite","AS20485","RU","multi-origin SUTTK","71","N/A","51549","socks4","4792","1","2023-07-12T11:29:12.436Z","99","2818","2835"
"94.199.108.66","elite","AS8595","RU","OOO WestCall Ltd.","55","NTL P2P","62311","socks5","5110","1","2023-07-12T11:29:12.348Z","99","2762","2779"
"104.17.132.79","elite","AS13335","US","Cloudflare, Inc.","2","Cloudflare, Inc.","80","socks4","4800","1","2023-07-12T11:29:12.344Z","100","2739","2739"
"45.70.206.40","elite","AS267586","BR","Rafael Pierre Barbosa - Me","158","Rafael Pierre Barbosa - Me","4145","socks4","4094","1","2023-07-12T11:29:12.349Z","100","2838","2842"
"177.125.204.78","elite","AS262346","BR","FP Telecomunicacoes Ltda","208","FP Telecomunicacoes Ltda","4145","socks4","4600","1","2023-07-12T11:29:12.347Z","72","2027","2806"
"45.77.111.135","elite","AS20473","US","The Constant Company","85","Vultr Holdings, LLC","15082","socks5","1410","1","2023-07-12T11:29:12.536Z","100","2825","2825"
"188.166.231.167","elite","AS14061","SG","DigitalOcean, LLC","186","Digitalocean","7497","socks5","4706","1","2023-07-12T11:29:06.038Z","100","2817","2819"
"177.128.44.129","elite","AS262605","BR","BRASIL TECNOLOGIA E PARTICIPACOES S/A","291","BRASIL TECNOLOGIA E PARTICIPACOES S/A","31337","socks4","4097","1","2023-07-12T11:29:06.036Z","100","2840","2844"
"178.33.171.240","elite","AS16276","FR","OVH SAS","5","Yalikun Shawutijiang","1080","socks5","5084","1","2023-07-12T11:29:06.138Z","72","1970","2744"
"218.1.142.117","elite","AS4812","CN","China Telecom","300","N/A","57114","socks4","4990","1","2023-07-12T11:29:00.034Z","21","578","2789"
"89.58.44.48","elite","AS197540","DE","netcup GmbH","24","netcup GmbH","47287","socks4","4695","1","2023-07-12T11:29:00.045Z","100","2841","2846"
"45.7.177.207","elite","AS266626","BR","Litoral Telecom","192","Litoral Telecom","39867","socks4","3701","1","2023-07-12T11:28:59.948Z","99","2820","2850"
"103.51.46.251","elite","AS133819","ID","CIM","220","N/A","4145","socks4","5100","1","2023-07-12T11:28:59.944Z","98","2762","2831"
"46.227.37.149","elite","AS51155","PL","Telemedian - TB Telecom","82","Telemedian","1088","socks4","201","1","2023-07-12T11:28:54.034Z","100","2844","2855"
"75.176.225.10","elite","AS11426","US","Spectrum","190","Road Runner","33150","socks4","3503","1","2023-07-12T11:28:54.036Z","97","2778","2858"
"5.161.100.145","elite","AS213230","US","Hetzner Online GmbH","80","HETZNER-DC","1080","socks5","5004","1","2023-07-12T11:28:54.137Z","82","2268","2761"
"58.214.70.241","elite","AS4134","CN","Chinanet","240","Chinanet JS","28643","socks4","4694","1","2023-07-12T11:28:54.040Z","28","783","2816"
"81.174.37.114","elite","AS35612","IT","NGI","38","NGI SpA","8080","socks4","4807","78","2023-07-12T11:28:48.049Z","99","2741","2761"
"177.66.195.114","elite","AS262503","BR","Wiki Telecomunicacoes Eireli","204","Maranhão Telecom ltda ME","4145","socks4","4701","2","2023-07-12T11:28:47.946Z","99","2809","2844"
"81.12.124.50","elite","AS42337","IR","Respina Networks & Beyond PJSC","168","Respina Networks","5678","socks4","1186","1","2023-07-12T11:28:47.939Z","93","2636","2846"
"212.79.107.116","elite","AS8251","CZ","Neutral czFree eXchange members","25","Heaven - CZFree.Net, spol. s r.o.","5678","socks4","2894","1","2023-07-12T11:28:47.948Z","99","2767","2805"
"45.70.237.146","elite","AS264668","EC","Nedetel S.A.","188","Nedetel S.A","4145","socks4","4994","1","2023-07-12T11:28:48.033Z","99","2841","2859"
"104.16.213.202","elite","AS13335","US","Cloudflare, Inc.","82","Cloudflare, Inc.","80","socks4","3687","1","2023-07-12T11:28:47.950Z","100","2758","2758"
"114.234.106.166","elite","AS4134","CN","Chinanet","190","Chinanet JS","5678","socks4","4799","1","2023-07-12T11:28:47.944Z","74","2131","2865"
"101.42.107.214","elite","AS45090","CN","Shenzhen Tencent Computer Systems Company Limited","195","Tencent Cloud Computing (Beijing) Co., Ltd","2080","socks5","4694","1","2023-07-12T11:28:41.843Z","74","2123","2854"
"103.242.104.246","elite","AS58821","ID","PT Lintas Jaringan Nusantara","164","PT Lintas Jaringan Nusantara","5678","socks4","3402","1","2023-07-12T11:28:41.835Z","99","2801","2842"
"110.76.129.229","elite","AS59362","BD","KS Network Limited","191","N/A","5678","socks4","4897","82","2023-07-12T11:28:41.839Z","99","2830","2860"
"91.135.80.66","elite","AS43513","LV","Sia Nano IT","47","SIA Infonet Sistemas","33427","socks5","4611","1","2023-07-12T11:28:35.836Z","100","2849","2861"
"75.119.203.88","elite","AS26347","US","New Dream Network, LLC","197","New Dream Network, LLC","15745","socks5","4198","1","2023-07-12T11:28:35.735Z","100","2836","2837"
"45.196.148.8","elite","AS7018","US","AT&T Services","82","AQUA Networks Limited","5432","socks4","4492","1","2023-07-12T11:28:35.647Z","97","2703","2779"
"172.67.181.144","elite","AS13335","US","Cloudflare, Inc.","2","Cloudflare, Inc.","80","socks5","5000","82","2023-07-12T11:28:35.648Z","100","2841","2841"
"87.121.18.154","elite","AS34569","BG","Networx-Bulgaria Ltd.","54","Networx ltd.","5678","socks4","5003","1","2023-07-12T11:28:35.650Z","56","1549","2765"
"186.251.255.141","elite","AS267513","BR","Seanet Telecom Carazinho Eireli","206","Seanet Telecom Carazinho Eireli","31337","socks4","4889","1","2023-07-12T11:28:35.733Z","99","2838","2855"
"79.141.173.165","elite","AS202015","US","N/A","116","Hostzealot LTD","3128","socks4","4989","1","2023-07-12T11:28:35.649Z","48","1321","2750"
"5.133.30.126","elite","AS199046","PS","JetNet for Information Technology and Telecommunications Limited Liability Comp","81","JETNET for Communication and Information Technology Ltd.","5678","socks4","4902","1","2023-07-12T11:28:35.838Z","99","2792","2807"
"212.200.161.241","elite","AS8400","RS","TELEKOM SRBIJA a.d.","33","Admira DOO Kragujevac","5678","socks5","4600","1","2023-07-12T11:28:35.837Z","100","2761","2768"
"101.51.121.203","elite","AS23969","TH","TOT Public Company Limited","162","TOT Public Company Limited","4153","socks4","3005","1","2023-07-12T11:28:35.737Z","78","2239","2854"
"104.21.194.19","elite","AS13335","US","Cloudflare, Inc.","2","Cloudflare, Inc.","80","socks4","5097","1","2023-07-12T11:28:29.546Z","100","2742","2742"
"8.42.68.109","elite","AS399869","US","Mountain Broadband","186","Level 3, LLC","39593","socks4","3085","1","2023-07-12T11:28:29.636Z","100","2861","2863"
"82.66.49.123","elite","AS12322","FR","Proxad / Free SAS","8","ProXad network / Free SA","80","socks5","3203","1","2023-07-12T11:28:29.635Z","100","2754","2755"
"192.12.113.225","elite","AS61942","BR","Turbonet Telecom Ltda","285","Turbonet Telecom Ltda","4145","socks4","4993","1","2023-07-12T11:28:29.544Z","73","2038","2802"
"177.223.238.20","elite","AS52559","BR","Novatec Telecom Ltda","291","Novatec Telecom Ltda","4153","socks4","4805","1","2023-07-12T11:28:29.633Z","99","2773","2797"
"213.6.33.110","elite","AS12975","PS","Palestine Telecommunications Company","81","Palestine Telecommunications Company","4145","socks4","5000","1","2023-07-12T11:28:29.653Z","99","2790","2821"
"103.51.44.5","elite","AS133819","ID","CIM","283","N/A","4145","socks4","4001","1","2023-07-12T11:28:23.634Z","99","2834","2851"
"171.244.76.80","elite","AS7552","VN","Viettel Corporation","292","VIETEL","5678","socks4","4495","1","2023-07-12T11:28:23.636Z","87","2474","2858"
"202.159.35.161","elite","AS9340","ID","PT IndoInternet","198","N/A","443","socks4","4797","1","2023-07-12T11:28:23.640Z","100","2816","2825"
"103.89.62.69","elite","AS58972","IN","Bhomika Network PVT LTD","143","Bhomika Network Pvt Ltd","4153","socks4","4499","2","2023-07-12T11:28:23.550Z","99","2829","2860"
"183.81.156.225","elite","AS24527","ID","Internet Service Provider","184","POP Jepara","5678","socks4","5089","1","2023-07-12T11:28:17.535Z","99","2788","2810"
"37.1.211.58","elite","AS29802","US","DARL-TELECOM","97","ISPIRIA Networks Ltd","1080","socks4","4801","1","2023-07-12T11:28:17.541Z","99","2803","2824"
"103.47.93.208","elite","AS134058","IN","Broban Internet Services Pvt.ltd","212","Broban  PVT Ltd.","1080","socks4","5012","1","2023-07-12T11:28:17.446Z","99","2715","2745"
"201.159.104.114","elite","AS28539","MX","Creatividad Internet Enlaces, S.A. de C.V.","182","Creatividad Internet Enlaces, S.A. de C.V","31337","socks4","3511","84","2023-07-12T11:28:17.538Z","96","2654","2753"
"47.254.241.21","elite","AS45102","MY","Alibaba (US) Technology Co., Ltd.","199","Alibaba.com LLC","21491","socks4","3710","1","2023-07-12T11:28:17.540Z","90","2490","2778"
"119.82.242.58","elite","AS24521","ID","Indonesia Network Information Center","223","N/A","4145","socks4","5098","1","2023-07-12T11:28:17.539Z","98","2795","2847"
"167.99.180.31","elite","AS14061","CA","DigitalOcean, LLC","95","DigitalOcean, LLC","56084","socks5","4893","1","2023-07-12T11:28:17.552Z","99","2730","2744"
"118.174.219.163","elite","AS23969","TH","TOT Public Company Limited","192","TOT Public Company Limited","4153","socks4","3997","1","2023-07-12T11:28:11.546Z","83","2282","2754"
"95.182.78.3","elite","AS50648","UA","PE UAinet","48","PE UAinet","5678","socks4","4898","1","2023-07-12T11:28:11.548Z","99","2806","2828"
"63.239.150.226","elite","AS209","US","CenturyLink Communications","124","DEN VENTURE PARTNERS","5678","socks4","4900","1","2023-07-12T11:28:11.549Z","100","2729","2729"
"158.101.1.100","elite","AS31898","US","Oracle Corporation","146","Oracle Cloud Infrastructure (us-phoenix-1)","42171","socks5","4914","1","2023-07-12T11:28:11.542Z","99","2713","2754"
"110.34.166.182","elite","AS45652","SG","Krypt Technologies","295","Vpls Sin1","4153","socks4","1907","1","2023-07-12T11:28:04.934Z","100","2840","2853"
"185.238.228.67","elite","AS209242","MT","Cloudflare London","11","Invermae Solutions SL","80","socks4","3697","1","2023-07-12T11:28:04.847Z","100","2845","2845"
"104.16.25.216","elite","AS13335","US","Cloudflare, Inc.","2","Cloudflare, Inc.","80","socks5","4812","1","2023-07-12T11:28:04.844Z","100","2799","2799"
"217.115.213.186","elite","AS9050","RO","Orange Romania Communication S.A","60","Orange Romania Communications","4145","socks4","4799","1","2023-07-12T11:28:04.948Z","99","2763","2787"
"121.13.252.62","elite","AS4134","CN","Chinanet","287","Chinanet GD","61401","socks4","4505","1","2023-07-12T11:28:04.933Z","75","2069","2741"
"110.78.168.161","elite","AS131090","TH","CAT-BB","172","N/A","4145","socks4","4400","1","2023-07-12T11:28:04.846Z","83","2302","2790"
"197.234.13.73","elite","AS36902","SC","Intelvision","193","Intelvision Ltd","4145","socks4","4991","1","2023-07-12T11:28:04.845Z","100","2798","2808"
"39.108.102.73","elite","AS37963","CN","Hangzhou Alibaba Advertising Co","295","Aliyun Computing Co., LTD","5100","socks5","4198","1","2023-07-12T11:27:58.933Z","75","2071","2766"
"197.235.15.249","elite","AS37223","MZ","VM  S.A","217","VM S.A","4153","socks4","4796","1","2023-07-12T11:27:57.050Z","48","1362","2859"
"191.241.145.23","elite","AS262784","BR","SATURNO COMUNICA??ES LTDA","291","SATURNO COMUNICAÇÕES LTDA","4153","socks5","4801","1","2023-07-12T11:27:57.137Z","99","2703","2740"
"191.96.49.100","elite","AS19844","US","SBA Edge, LLC","98","Private Customer","3389","socks4","1501","1","2023-07-12T11:27:51.248Z","92","2593","2812"
"176.100.77.118","elite","AS49718","RU","Nizhnevolzhskie Telecommunication Networks Real Ltd.","89","REAL","3629","socks4","5082","1","2023-07-12T11:27:51.249Z","99","2700","2740"
"203.159.92.199","elite","AS56309","TH","Siamdata Communication Co., ltd.","193","ReadyIDC Co., Ltd","3080","socks5","5004","1","2023-07-12T11:27:50.947Z","74","2111","2855"
"5.160.186.110","elite","AS42337","IR","Respina Networks & Beyond PJSC","185","Respina","5678","socks4","4088","1","2023-07-12T11:27:50.944Z","97","2763","2855"
"190.152.12.54","elite","AS28006","EC","Corporacion Nacional De Telecomunicaciones - CNT EP","194","Corporacion Nacional De Telecomunicaciones - CNT EP","47017","socks4","4287","1","2023-07-12T11:27:50.945Z","98","2781","2844"
"77.232.160.106","elite","AS44391","RU","LTD Elektrosvyaz","89","LTD Elektrosvyaz","4153","socks4","4896","1","2023-07-12T11:27:44.639Z","99","2755","2787"
"159.65.4.147","elite","AS14061","SG","DigitalOcean, LLC","166","DigitalOcean, LLC","7497","socks5","3886","1","2023-07-12T11:27:44.644Z","91","2591","2838"
"188.255.238.255","elite","AS52116","RS","Orion Telekom ISP IP network","83","Orion Telekom Tim d.o.o.Beograd","5678","socks4","5197","1","2023-07-12T11:27:44.741Z","90","2568","2868"
"69.163.165.253","elite","AS26347","US","New Dream Network, LLC","195","New Dream Network, LLC","47876","socks5","814","1","2023-07-12T11:27:44.638Z","100","2858","2860"
"125.161.141.186","elite","AS7713","ID","PT. TELKOM INDONESIA","179","N/A","80","socks5","4989","1","2023-07-12T11:27:44.646Z","88","2449","2769"
"2.56.58.67","elite","AS399471","NL","Serverion LLC","13","Serverion BV","3389","socks4","4807","1","2023-07-12T11:27:44.743Z","76","2160","2841"
"121.237.224.43","elite","AS4134","CN","Chinanet","297","Chinanet JS","10001","socks4","4305","1","2023-07-12T11:27:44.642Z","38","1050","2743"
"75.119.206.134","elite","AS26347","US","New Dream Network, LLC","151","New Dream Network, LLC","32524","socks5","3807","1","2023-07-12T11:27:38.643Z","100","2837","2839"
"159.223.118.43","elite","AS14061","US","DigitalOcean, LLC","82","DigitalOcean, LLC","8080","socks4","4801","1","2023-07-12T11:27:38.640Z","87","2482","2867"
"74.33.175.72","elite","AS5650","US","Frontier Communications Solutions","106","ADSL Frontier Communications Plymouth NY","8080","socks5","4508","2","2023-07-12T11:27:38.635Z","88","2489","2841"
"202.137.141.183","elite","AS9873","LA","Lao Telecommunication Co Ltd","282","Laotelecom","5678","socks4","5009","1","2023-07-12T11:27:38.644Z","98","2802","2852"
"182.253.158.181","elite","AS17451","ID","BIZNET","189","N/A","5678","socks4","5089","1","2023-07-12T11:27:38.645Z","98","2700","2742"
"178.62.79.49","elite","AS14061","GB","DigitalOcean, LLC","17","Digital Ocean","16614","socks5","4714","1","2023-07-12T11:27:38.736Z","100","2802","2805"
"43.153.177.245","elite","AS132203","JP","Shenzhen Tencent Computer Systems Company Limited","228","Tencent Cloud Computing","443","socks4","4404","1","2023-07-12T11:27:38.642Z","89","2497","2807"
"89.161.70.115","elite","AS39375","PL","Telekomunikacja Podlasie sp. z o.o.","36","TPODLASIE CATV Network","5678","socks4","316","1","2023-07-12T11:27:38.735Z","100","2803","2815"
"197.234.13.70","elite","AS36902","SC","Intelvision","199","Intelvision Ltd","4145","socks4","347","1","2023-07-12T11:27:38.639Z","100","2775","2787"
"89.39.100.173","elite","AS8926","MD","Moldtelecom SA","61","JSC Moldtelecom S.A.","31041","socks5","4712","1","2023-07-12T11:27:32.436Z","100","2767","2771"
"43.229.254.163","elite","AS23679","ID","Media Antar Nusa PT.","196","Nusanet","1080","socks4","4989","1","2023-07-12T11:27:32.434Z","98","2755","2823"
"102.66.237.54","elite","AS328471","ZA","HERO TELECOMS (PTY) LTD","191","Herotel","5678","socks4","4994","2","2023-07-12T11:27:32.349Z","55","1517","2738"
"128.199.208.93","elite","AS14061","SG","DigitalOcean, LLC","173","DigitalOcean, LLC","64015","socks4","3687","1","2023-07-12T11:27:32.345Z","72","2031","2820"
"103.105.40.129","elite","AS137143","IN","Minnal Digital Network Private Limited","148","Minnal Digital Network Private Limited","4145","socks4","5104","1","2023-07-12T11:27:32.344Z","100","2835","2846"
"46.174.235.84","elite","AS15874","PL","Interkam Szczepanik Spolka Komandytowa","85","Interkam Szczepanik Spolka Komandytowa","5678","socks4","5093","1","2023-07-12T11:27:26.344Z","95","2728","2859"
"185.169.181.29","elite","AS34984","TR","Ates Dc","91","Ibrahim MALA trading as Ates Dc","4145","socks4","4914","1","2023-07-12T11:27:26.439Z","100","2829","2834"
"220.176.250.190","elite","AS4134","CN","Chinanet","287","Chinanet JX","33080","socks4","3909","1","2023-07-12T11:27:26.341Z","15","424","2825"
"183.89.180.128","elite","AS45629","TH","Triple T Broadband Public Company Limited","190","Triple T Broadband Public Company Limited","8080","socks4","4309","74","2023-07-12T11:27:26.345Z","90","2476","2736"
"188.255.244.73","elite","AS52116","RS","Orion Telekom ISP IP Network in Subotica","34","Orion Telekom Tim d.o.o.Beograd","1080","socks4","3012","1","2023-07-12T11:27:26.346Z","100","2799","2799"
"102.67.3.210","elite","AS36920","NG","KKON Technologies Ltd","194","Fiberone Broadband","5678","socks4","4598","1","2023-07-12T11:27:20.045Z","75","2098","2781"
"69.163.162.253","elite","AS26347","US","New Dream Network, LLC","151","New Dream Network, LLC","20676","socks5","4892","1","2023-07-12T11:27:20.038Z","100","2854","2857"
"176.98.95.105","elite","AS41096","UA","TOV TV&Radio Company 'TIM'","51","TOV TV&Radio Company 'TIM'","30759","socks4","5099","2","2023-07-12T11:27:20.150Z","95","2711","2860"
"194.59.170.116","elite","AS64458","IR","Mizban Dade Pasargad","104","Mizban Dade Pasargad LLC","1080","socks5","4897","1","2023-07-12T11:27:20.042Z","85","2369","2771"
"93.171.224.51","elite","AS211570","UA","PE TV and Radio Company Kentavr-TV","83","PE TV and Radio Company Kentavr-TV","4153","socks4","5107","1","2023-07-12T11:27:20.233Z","99","2815","2836"
"45.116.114.45","elite","AS58898","IN","Rainbow communications India Pvt Ltd","161","Rainbow Communications India Pvt Ltd","5678","socks4","5104","1","2023-07-12T11:27:20.044Z","99","2711","2750"
"218.91.50.234","elite","AS4134","CN","Chinanet","211","Chinanet JS","1080","socks5","194","1","2023-07-12T11:27:20.134Z","78","2192","2808"
"91.211.177.21","elite","AS3266","UA","UAProstir-EL","83","UAProstir Ltd","3629","socks4","5201","1","2023-07-12T11:27:20.237Z","79","2187","2775"
"197.255.253.33","elite","AS37521","NG","Internet Solutions Nigeria Limited","184","ISN(Nova)","5678","socks4","4889","1","2023-07-12T11:27:13.835Z","99","2757","2787"
"104.17.2.81","elite","AS13335","US","Cloudflare, Inc.","2","Cloudflare, Inc.","104","socks5","3704","1","2023-07-12T11:27:13.741Z","100","2748","2748"
"78.90.19.79","elite","AS35141","BG","A1 Bulgaria EAD","41","Megalan Network Ltd.","63246","socks5","4100","1","2023-07-12T11:27:13.932Z","100","2817","2821"
"116.58.232.126","elite","AS131090","TH","CAT-BB","187","N/A","4145","socks4","5000","1","2023-07-12T11:27:13.748Z","63","1786","2814"
"197.234.13.67","elite","AS36902","SC","Intelvision","171","Intelvision Ltd","4145","socks4","4909","1","2023-07-12T11:27:13.745Z","99","2822","2837"
"185.150.140.143","elite","AS29256","SY","Syrian Telecom","894","N/A","5678","socks4","4684","1","2023-07-12T11:27:07.733Z","87","2439","2805"
"182.93.80.26","elite","AS4007","NP","SUBISU D2","166","N/A","5678","socks4","1102","1","2023-07-12T11:27:07.645Z","98","2808","2852"
"101.73.162.83","elite","AS4837","CN","China Unicom Hebei Province Network","175","N/A","1080","socks5","4989","1","2023-07-12T11:27:07.735Z","61","1735","2834"
"43.153.177.44","elite","AS132203","JP","Shenzhen Tencent Computer Systems Company Limited","235","Tencent Cloud Computing","443","socks4","5093","1","2023-07-12T11:27:07.738Z","67","1892","2816"
"95.182.78.9","elite","AS50648","UA","PE UAinet","47","PE UAinet","5678","socks4","4702","1","2023-07-12T11:27:07.642Z","99","2791","2812"
"184.174.75.86","elite","AS21769","GB","Colocation America Corporation","189","North Coast Hosting","51724","socks5","5090","1","2023-07-12T11:27:07.650Z","99","2788","2825"
"177.223.48.126","elite","AS263500","BR","Star Telecom S/A","199","Star Telecom S/A","52104","socks4","4295","1","2023-07-12T11:27:07.648Z","99","2822","2837"
"162.12.217.70","elite","AS204902","FR","Weelax","109","XIWO","3629","socks4","4717","1","2023-07-12T11:27:01.548Z","99","2784","2826"
"45.13.59.103","elite","AS51167","DE","Contabo GmbH","15","Contabo GmbH","1080","socks5","4898","1","2023-07-12T11:27:01.644Z","100","2845","2850"
"8.210.154.47","elite","AS45102","HK","Alibaba (US) Technology Co., Ltd.","297","Alibaba.com Singapore E-Commerce Private Limited","53367","socks4","4397","1","2023-07-12T11:27:01.547Z","84","2379","2819"
"118.113.212.237","elite","AS4134","CN","Chinanet","254","Chinanet SC","1080","socks5","4692","1","2023-07-12T11:26:55.042Z","29","812","2835"
"45.7.177.211","elite","AS266626","BR","Litoral Telecom","173","Litoral Telecom","39867","socks4","370","1","2023-07-12T11:26:55.044Z","99","2726","2752"
"91.148.233.54","elite","AS50525","DE","Privado Networks AG","10","Privado Networks Frankfurt","8081","socks4","329","1","2023-07-12T11:26:55.046Z","100","2849","2851"
"104.21.66.184","elite","AS13335","US","Cloudflare, Inc.","2","Cloudflare, Inc.","80","socks5","5092","1","2023-07-12T11:26:55.041Z","100","2734","2734"
"139.180.223.81","elite","AS20473","SG","The Constant Company","150","SGP Vultr","26171","socks4","4713","1","2023-07-12T11:26:55.145Z","95","2683","2812"
"179.96.142.75","elite","AS28634","BR","Life Tecnologia Ltda.","293","Life Tecnologia Ltda","5678","socks4","4610","1","2023-07-12T11:26:48.846Z","99","2787","2816"
"68.183.88.14","elite","AS14061","IN","DigitalOcean, LLC","148","DigitalOcean, LLC","7497","socks5","3005","1","2023-07-12T11:26:48.945Z","94","2676","2852"
"139.180.210.227","elite","AS20473","SG","The Constant Company","199","SGP Vultr","17880","socks5","5002","1","2023-07-12T11:26:48.851Z","77","2191","2852"
"38.127.179.100","elite","AS174","US","Cogent Communications","81","Torlandia Trading SRL","21969","socks4","4316","1","2023-07-12T11:26:48.946Z","100","2772","2774"
"197.234.13.6","elite","AS36902","SC","Intelvision","166","Intelvision Ltd","4145","socks4","5004","1","2023-07-12T11:26:42.647Z","100","2736","2749"
"200.0.247.243","elite","AS10834","AR","Telefonica de Argentina","298","Smart S.A","5678","socks4","4985","1","2023-07-12T11:26:42.739Z","68","1950","2860"
"43.134.164.228","elite","AS132203","SG","Aceville Pte.ltd","387","N/A","443","socks5","5096","1","2023-07-12T11:26:42.736Z","78","2189","2814"
"45.196.151.134","elite","AS7018","US","AT&T Services","87","AQUA Networks Limited","5432","socks4","4993","2","2023-07-12T11:26:42.740Z","97","2711","2796"
"212.89.173.101","elite","AS49864","AT","ECSNET","39","N/A","5678","socks4","4594","1","2023-07-12T11:26:42.837Z","100","2746","2751"
"104.156.224.85","elite","AS20473","US","Choopa","85","GameServers.com","11184","socks4","4310","1","2023-07-12T11:26:42.741Z","90","2493","2785"
"45.8.107.79","elite","AS209242","DE","Cloudflare London","11","Araxio Development N.V","80","socks4","4908","82","2023-07-12T11:26:36.635Z","100","2796","2797"
"120.24.52.179","elite","AS37963","CN","Hangzhou Alibaba Advertising Co","294","Aliyun Computing Co., LTD","3128","socks5","4594","1","2023-07-12T11:26:36.549Z","76","2133","2796"
"77.46.153.185","elite","AS8400","RS","TELEKOM-SRBIJA","31","N/A","5678","socks4","5106","1","2023-07-12T11:26:36.641Z","68","1918","2821"
"120.238.19.2","elite","AS9808","CN","China Mobile communications corporation","298","China Mobile","1080","socks4","5000","2","2023-07-12T11:26:36.550Z","58","1633","2814"
"185.200.38.229","elite","AS202561","TR","High Speed Telekomunikasyon ve Hab. Hiz. Ltd. Sti.","64","High Speed Telekomunikasyon ve Hab. Hiz. Ltd. Sti","10820","socks5","4809","1","2023-07-12T11:26:36.737Z","96","2717","2830"
"200.10.73.211","elite","AS6147","PE","Telefonica del Peru S.A.A.","196","Telefonica del Peru S.A.A","5678","socks4","4689","1","2023-07-12T11:26:36.638Z","97","2722","2815"
"38.127.172.161","elite","AS174","US","Cogent Communications","81","Torlandia Trading SRL","46656","socks4","4611","1","2023-07-12T11:26:30.341Z","100","2779","2783"
"117.20.56.203","elite","AS23951","ID","CITRA","201","N/A","4145","socks4","3598","1","2023-07-12T11:26:30.245Z","96","2737","2850"
"8.219.104.50","elite","AS45102","SG","Alibaba (US) Technology Co., Ltd.","328","Alibaba.com Singapore E-Commerce Private Limited","443","socks4","4895","1","2023-07-12T11:26:30.249Z","41","1143","2814"
"43.128.3.115","elite","AS132203","HK","Aceville Pte.ltd","294","N/A","1080","socks5","5001","2","2023-07-12T11:26:30.239Z","100","2831","2840"
"173.236.184.128","elite","AS26347","US","New Dream Network, LLC","81","New Dream Network, LLC","10654","socks4","1989","1","2023-07-12T11:26:30.241Z","100","2731","2735"
"218.1.142.122","elite","AS4812","CN","China Telecom","288","N/A","57114","socks4","5005","1","2023-07-12T11:26:24.049Z","34","952","2766"
"170.254.255.254","elite","AS52584","BR","Connect Fibra","215","Connect Fibra","45816","socks4","5292","1","2023-07-12T11:26:24.134Z","99","2819","2861"
"176.62.188.158","elite","AS42291","RU","OOO Istranet","59","OOO Istranet","3629","socks4","4795","1","2023-07-12T11:26:24.050Z","99","2828","2843"
"45.116.114.54","elite","AS58898","IN","Rainbow communications India Pvt Ltd","190","Rainbow Communications India Pvt Ltd","5678","socks4","5004","1","2023-07-12T11:26:24.042Z","99","2819","2853"
"178.63.0.115","elite","AS24940","DE","Hetzner Online GmbH","23","Hetzner","14299","socks4","4694","1","2023-07-12T11:26:24.148Z","97","2692","2787"
"37.152.163.238","elite","AS198569","IR","Rahanet Zanjan Co. (Private Joint-Stock)","140","Rahanet Zanjan Co.","4153","socks4","4798","3","2023-07-12T11:26:24.045Z","92","2571","2792"
"129.205.244.158","elite","AS37678","BW","BOTSWANA FIBRE NETWORKS (Proprietary) Limited","212","BOTSWANA FIBRE NETWORKS (Proprietary) Limited","1080","socks4","5097","1","2023-07-12T11:26:24.136Z","99","2724","2749"
"104.24.15.158","elite","AS13335","US","Cloudflare, Inc.","93","Cloudflare, Inc.","80","socks5","4504","2","2023-07-12T11:26:17.640Z","100","2820","2823"
"170.254.255.224","elite","AS52584","BR","Connect Fibra","293","Connect Fibra","45816","socks4","3297","1","2023-07-12T11:26:17.638Z","99","2764","2806"
"177.124.212.26","elite","AS17222","BR","Mundivox Do Brasil Ltda","296","Mundivox Do Brasil Ltda","1080","socks4","4996","1","2023-07-12T11:26:17.635Z","100","2789","2797"
"85.117.63.99","elite","AS20771","GE","Caucasus Online Ltd.","64","Caucasus","4153","socks4","4707","1","2023-07-12T11:26:17.738Z","99","2850","2865"
"102.66.237.55","elite","AS328471","ZA","HERO TELECOMS (PTY) LTD","195","Herotel","5678","socks4","4409","1","2023-07-12T11:26:17.637Z","59","1625","2736"
"190.69.24.18","elite","AS3816","CO","Colombia Telecomunicaciones S.a. ESP","398","Colombia Telecomunicaciones S.a. ESP","5678","socks4","5205","1","2023-07-12T11:26:11.435Z","98","2748","2807"
"103.214.156.254","elite","AS135339","BD","Fuad Muhammad Shorfuddin","156","N/A","5678","socks4","4996","1","2023-07-12T11:26:11.344Z","82","2297","2818"
"167.172.178.242","elite","AS14061","DE","DigitalOcean, LLC","17","DigitalOcean, LLC","7497","socks5","4904","1","2023-07-12T11:26:11.535Z","87","2434","2782"
"195.210.172.43","elite","AS8359","RU","MTS PJSC","86","InterneyshenelHouse","58350","socks4","708","1","2023-07-12T11:26:11.451Z","96","2752","2863"
"104.16.107.206","elite","AS13335","US","Cloudflare, Inc.","2","Cloudflare, Inc.","80","socks4","4706","1","2023-07-12T11:26:11.343Z","100","2838","2840"
"213.157.243.196","elite","AS21283","SI","A1 Slovenija","32","A1 Slovenija telekomunikacijske storitve, d.d.","5678","socks4","4900","1","2023-07-12T11:26:11.351Z","77","2192","2844"
"50.116.14.201","elite","AS63949","US","Akamai Technologies, Inc.","149","Linode","7497","socks5","4609","1","2023-07-12T11:26:11.449Z","100","2857","2858"
"157.245.62.1","elite","AS14061","SG","DigitalOcean, LLC","199","DigitalOcean, LLC","9050","socks4","5002","1","2023-07-12T11:26:11.534Z","99","2836","2851"
"144.76.92.16","elite","AS24940","DE","Hetzner Online GmbH","22","Hetzner","14180","socks4","3370","1","2023-07-12T11:26:05.252Z","100","2836","2836"
"185.32.44.161","elite","AS200154","AZ","Izone LLC","71","Izone LLC","4153","socks4","4411","1","2023-07-12T11:26:05.241Z","100","2848","2851"
"185.132.230.133","elite","AS210238","IT","Dieffeitalia.it S.r.l.","36","Dieffeitalia.it S.r.l","5678","socks4","4307","1","2023-07-12T11:25:58.941Z","87","2469","2826"
"104.16.104.12","elite","AS13335","US","Cloudflare, Inc.","2","Cloudflare, Inc.","80","socks4","4895","78","2023-07-12T11:25:58.843Z","100","2827","2828"
"86.28.76.188","elite","AS5089","GB","TalkTalk","83","The Vale Hotel Golf and Spa","4145","socks4","5095","2","2023-07-12T11:25:58.837Z","58","1635","2827"
"45.7.178.102","elite","AS266626","BR","Litoral Telecom","190","Litoral Telecom","39867","socks4","4886","1","2023-07-12T11:25:58.839Z","98","2767","2821"
"124.41.240.140","elite","AS17501","NP","WorldLink Communications","196","Wlink Static ENT KTM V1115","59964","socks5","3300","1","2023-07-12T11:25:58.840Z","100","2810","2812"
"159.223.163.20","elite","AS14061","US","DigitalOcean, LLC","82","DigitalOcean, LLC","44171","socks5","4893","1","2023-07-12T11:25:50.135Z","66","1896","2856"
"45.196.151.43","elite","AS7018","US","AT&T Services","81","AQUA Networks Limited","5432","socks4","5103","1","2023-07-12T11:25:50.140Z","97","2706","2791"
"45.14.174.180","elite","AS209242","DE","CloudKleyer","11","N/A","80","socks4","4397","1","2023-07-12T11:25:50.143Z","100","2854","2859"
"81.12.104.36","elite","AS42337","IR","Respina Networks & Beyond PJSC","191","Respina Networks","3629","socks4","5001","1","2023-07-12T11:25:50.136Z","99","2821","2856"
"177.36.13.65","elite","AS52965","BR","1telecom Servicos De Tecnologia EM Internet Ltda","161","L. Augusto","5678","socks4","3898","1","2023-07-12T11:25:50.137Z","90","2476","2746"
"89.237.35.129","elite","AS20485","RU","multi-origin SUTTK","72","N/A","51549","socks4","5308","82","2023-07-12T11:25:43.937Z","99","2763","2777"
"103.47.93.247","elite","AS134058","IN","Broban Internet Services Pvt.ltd","147","Broban  PVT Ltd.","1080","socks4","4709","1","2023-07-12T11:25:43.943Z","99","2819","2837"
"172.67.25.204","elite","AS13335","US","Cloudflare, Inc.","2","Cloudflare, Inc.","80","socks5","3212","1","2023-07-12T11:25:43.941Z","100","2778","2780"
"200.81.144.17","elite","AS270934","BR","Silva de Sá Informática LTDA","182","Silva de Sá Informática LTDA","1080","socks4","5009","1","2023-07-12T11:25:43.945Z","100","2864","2872"
"194.146.110.228","elite","AS29496","UA","Link-Service Ltd.","42","Link-Service Ltd.","1080","socks4","4703","1","2023-07-12T11:25:43.936Z","100","2725","2738"
"202.159.35.33","elite","AS9340","ID","PT IndoInternet","181","N/A","443","socks4","5000","1","2023-07-12T11:25:37.451Z","100","2859","2867"